names,label
9670.jpg,0
9764.jpg,0
9745.jpg,0
9714.jpg,0
9681.jpg,0
9719.jpg,0
13915.jpg,0
9665.jpg,0
9699.jpg,0
9651.jpg,0
9658.jpg,0
9707.jpg,0
9748.jpg,0
9710.jpg,0
9721.jpg,0
9697.jpg,0
9642.jpg,0
9754.jpg,0
14414.jpg,0
9652.jpg,0
9767.jpg,0
9704.jpg,0
9657.jpg,0
9753.jpg,0
9750.jpg,0
9768.jpg,0
9733.jpg,0
9689.jpg,0
9703.jpg,0
9647.jpg,0
9650.jpg,0
9723.jpg,0
9740.jpg,0
9729.jpg,0
9655.jpg,0
9701.jpg,0
9649.jpg,0
9774.jpg,0
9779.jpg,0
9675.jpg,0
9722.jpg,0
9709.jpg,0
9643.jpg,0
9742.jpg,0
9770.jpg,0
9746.jpg,0
9725.jpg,0
9747.jpg,0
9659.jpg,0
9694.jpg,0
9713.jpg,0
9702.jpg,0
14413.jpg,0
9773.jpg,0
9731.jpg,0
9690.jpg,0
9759.jpg,0
9734.jpg,0
9711.jpg,0
14416.jpg,0
9706.jpg,0
9671.jpg,0
9682.jpg,0
9684.jpg,0
9667.jpg,0
9761.jpg,0
9771.jpg,0
14415.jpg,0
9766.jpg,0
9737.jpg,0
9763.jpg,0
9758.jpg,0
9677.jpg,0
9678.jpg,0
9752.jpg,0
9762.jpg,0
9666.jpg,0
14417.jpg,0
9695.jpg,0
9687.jpg,0
9686.jpg,0
9756.jpg,0
9663.jpg,0
9688.jpg,0
9727.jpg,0
9741.jpg,0
9653.jpg,0
9728.jpg,0
9712.jpg,0
9902.jpg,1
9848.jpg,1
9824.jpg,1
9925.jpg,1
9838.jpg,1
14420.jpg,1
9857.jpg,1
9862.jpg,1
9780.jpg,1
9941.jpg,1
9789.jpg,1
9847.jpg,1
9856.jpg,1
9870.jpg,1
9917.jpg,1
9942.jpg,1
9819.jpg,1
9806.jpg,1
9930.jpg,1
9869.jpg,1
13922.jpg,1
9799.jpg,1
9839.jpg,1
9937.jpg,1
9802.jpg,1
9854.jpg,1
9915.jpg,1
9813.jpg,1
9831.jpg,1
9905.jpg,1
9800.jpg,1
9934.jpg,1
9795.jpg,1
9783.jpg,1
9940.jpg,1
9788.jpg,1
9834.jpg,1
13921.jpg,1
9849.jpg,1
9920.jpg,1
9810.jpg,1
9833.jpg,1
9890.jpg,1
9882.jpg,1
9874.jpg,1
9884.jpg,1
9836.jpg,1
9926.jpg,1
9880.jpg,1
9889.jpg,1
9797.jpg,1
9830.jpg,1
9781.jpg,1
9872.jpg,1
9887.jpg,1
9808.jpg,1
9944.jpg,1
9943.jpg,1
9827.jpg,1
9932.jpg,1
9815.jpg,1
9861.jpg,1
9858.jpg,1
9886.jpg,1
14422.jpg,1
9837.jpg,1
9938.jpg,1
9881.jpg,1
9860.jpg,1
9816.jpg,1
9919.jpg,1
9871.jpg,1
9894.jpg,1
9901.jpg,1
9859.jpg,1
9821.jpg,1
9909.jpg,1
9939.jpg,1
9907.jpg,1
9893.jpg,1
9794.jpg,1
9804.jpg,1
9842.jpg,1
14421.jpg,1
9883.jpg,1
9903.jpg,1
9913.jpg,1
9803.jpg,1
9878.jpg,1
9828.jpg,1
9851.jpg,1
9900.jpg,1
13918.jpg,1
9823.jpg,1
9899.jpg,1
9904.jpg,1
9910.jpg,1
9928.jpg,1
9865.jpg,1
9906.jpg,1
13919.jpg,1
9801.jpg,1
9846.jpg,1
9805.jpg,1
9918.jpg,1
10011.jpg,2
9961.jpg,2
9988.jpg,2
10004.jpg,2
10052.jpg,2
10033.jpg,2
9986.jpg,2
10086.jpg,2
10061.jpg,2
13924.jpg,2
9972.jpg,2
10010.jpg,2
10085.jpg,2
10007.jpg,2
10028.jpg,2
10049.jpg,2
10089.jpg,2
9963.jpg,2
10053.jpg,2
10017.jpg,2
9999.jpg,2
9966.jpg,2
9998.jpg,2
10003.jpg,2
10035.jpg,2
10054.jpg,2
14426.jpg,2
9967.jpg,2
13927.jpg,2
10000.jpg,2
10059.jpg,2
9976.jpg,2
9973.jpg,2
10021.jpg,2
9977.jpg,2
10073.jpg,2
9989.jpg,2
10026.jpg,2
10020.jpg,2
10072.jpg,2
10032.jpg,2
9952.jpg,2
10008.jpg,2
9957.jpg,2
9979.jpg,2
10012.jpg,2
10076.jpg,2
13925.jpg,2
10038.jpg,2
9951.jpg,2
10088.jpg,2
9954.jpg,2
9980.jpg,2
10014.jpg,2
10047.jpg,2
9956.jpg,2
9949.jpg,2
9953.jpg,2
10069.jpg,2
10058.jpg,2
9959.jpg,2
10023.jpg,2
14424.jpg,2
9991.jpg,2
9946.jpg,2
9982.jpg,2
9984.jpg,2
9948.jpg,2
10025.jpg,2
10037.jpg,2
10042.jpg,2
9985.jpg,2
10041.jpg,2
10029.jpg,2
14425.jpg,2
9968.jpg,2
9971.jpg,2
10057.jpg,2
9981.jpg,2
10078.jpg,2
9964.jpg,2
9997.jpg,2
10084.jpg,2
10083.jpg,2
9994.jpg,2
9987.jpg,2
10044.jpg,2
10001.jpg,2
10024.jpg,2
10050.jpg,2
9992.jpg,2
10066.jpg,2
10114.jpg,3
10235.jpg,3
10176.jpg,3
10105.jpg,3
10236.jpg,3
10163.jpg,3
10207.jpg,3
10243.jpg,3
10149.jpg,3
10224.jpg,3
13929.jpg,3
10162.jpg,3
10139.jpg,3
10107.jpg,3
10203.jpg,3
10115.jpg,3
10135.jpg,3
10208.jpg,3
10193.jpg,3
10122.jpg,3
10218.jpg,3
10094.jpg,3
10160.jpg,3
10199.jpg,3
10095.jpg,3
10133.jpg,3
10143.jpg,3
10233.jpg,3
10201.jpg,3
10134.jpg,3
10183.jpg,3
10136.jpg,3
10121.jpg,3
10178.jpg,3
10226.jpg,3
10144.jpg,3
10188.jpg,3
10186.jpg,3
10116.jpg,3
10100.jpg,3
10238.jpg,3
10212.jpg,3
10126.jpg,3
13928.jpg,3
10117.jpg,3
10099.jpg,3
14429.jpg,3
10169.jpg,3
10216.jpg,3
10137.jpg,3
10157.jpg,3
10154.jpg,3
10237.jpg,3
10158.jpg,3
10194.jpg,3
10096.jpg,3
14431.jpg,3
10111.jpg,3
10170.jpg,3
10129.jpg,3
10110.jpg,3
10187.jpg,3
10234.jpg,3
10217.jpg,3
10098.jpg,3
10164.jpg,3
10215.jpg,3
10181.jpg,3
10171.jpg,3
10240.jpg,3
13931.jpg,3
14428.jpg,3
14432.jpg,3
10174.jpg,3
10093.jpg,3
10147.jpg,3
10112.jpg,3
10123.jpg,3
10172.jpg,3
10146.jpg,3
10206.jpg,3
10104.jpg,3
10228.jpg,3
10165.jpg,3
10185.jpg,3
10159.jpg,3
10189.jpg,3
10179.jpg,3
10140.jpg,3
10202.jpg,3
10197.jpg,3
10152.jpg,3
10222.jpg,3
10200.jpg,3
10106.jpg,3
10209.jpg,3
10167.jpg,3
10091.jpg,3
10337.jpg,4
10314.jpg,4
10368.jpg,4
10275.jpg,4
10358.jpg,4
10285.jpg,4
10349.jpg,4
10259.jpg,4
14436.jpg,4
10347.jpg,4
10345.jpg,4
10270.jpg,4
14434.jpg,4
10367.jpg,4
10364.jpg,4
10325.jpg,4
10246.jpg,4
10253.jpg,4
10346.jpg,4
10248.jpg,4
13936.jpg,4
10354.jpg,4
10333.jpg,4
10251.jpg,4
10359.jpg,4
10330.jpg,4
10363.jpg,4
13937.jpg,4
10351.jpg,4
10294.jpg,4
10308.jpg,4
10340.jpg,4
10263.jpg,4
10252.jpg,4
10329.jpg,4
10288.jpg,4
10302.jpg,4
10290.jpg,4
10352.jpg,4
10306.jpg,4
10267.jpg,4
10289.jpg,4
10280.jpg,4
14433.jpg,4
10292.jpg,4
10369.jpg,4
10260.jpg,4
10320.jpg,4
10262.jpg,4
10307.jpg,4
10360.jpg,4
10357.jpg,4
10372.jpg,4
10284.jpg,4
10313.jpg,4
10326.jpg,4
10335.jpg,4
10322.jpg,4
10338.jpg,4
10255.jpg,4
10356.jpg,4
10258.jpg,4
10303.jpg,4
10305.jpg,4
10273.jpg,4
10366.jpg,4
13934.jpg,4
10327.jpg,4
10293.jpg,4
10283.jpg,4
10296.jpg,4
10274.jpg,4
10249.jpg,4
10361.jpg,4
10268.jpg,4
10336.jpg,4
10271.jpg,4
14435.jpg,4
10265.jpg,4
10250.jpg,4
10373.jpg,4
10278.jpg,4
10324.jpg,4
10244.jpg,4
10418.jpg,5
10454.jpg,5
10500.jpg,5
10501.jpg,5
10437.jpg,5
10420.jpg,5
10483.jpg,5
10470.jpg,5
14440.jpg,5
10482.jpg,5
10387.jpg,5
10406.jpg,5
10424.jpg,5
10413.jpg,5
10476.jpg,5
10401.jpg,5
10386.jpg,5
10474.jpg,5
14439.jpg,5
10414.jpg,5
10462.jpg,5
14442.jpg,5
14441.jpg,5
10466.jpg,5
13940.jpg,5
10445.jpg,5
10477.jpg,5
10468.jpg,5
10398.jpg,5
10442.jpg,5
10455.jpg,5
10446.jpg,5
10430.jpg,5
10469.jpg,5
10385.jpg,5
10440.jpg,5
10475.jpg,5
10465.jpg,5
10374.jpg,5
10507.jpg,5
10460.jpg,5
10498.jpg,5
10450.jpg,5
10496.jpg,5
10463.jpg,5
10473.jpg,5
13938.jpg,5
10402.jpg,5
10377.jpg,5
10435.jpg,5
10417.jpg,5
10456.jpg,5
10408.jpg,5
10378.jpg,5
10486.jpg,5
10443.jpg,5
10485.jpg,5
10497.jpg,5
10434.jpg,5
10452.jpg,5
10384.jpg,5
10407.jpg,5
10415.jpg,5
10493.jpg,5
10448.jpg,5
10436.jpg,5
10421.jpg,5
10490.jpg,5
10467.jpg,5
10423.jpg,5
10410.jpg,5
10433.jpg,5
10459.jpg,5
10453.jpg,5
10472.jpg,5
10431.jpg,5
10438.jpg,5
10479.jpg,5
10461.jpg,5
10487.jpg,5
10395.jpg,5
10416.jpg,5
10447.jpg,5
10428.jpg,5
10432.jpg,5
10405.jpg,5
10382.jpg,5
10632.jpg,6
10580.jpg,6
10608.jpg,6
13945.jpg,6
10555.jpg,6
10599.jpg,6
10609.jpg,6
10548.jpg,6
10525.jpg,6
10600.jpg,6
10552.jpg,6
10598.jpg,6
13946.jpg,6
10518.jpg,6
10516.jpg,6
10579.jpg,6
10537.jpg,6
10569.jpg,6
10627.jpg,6
10626.jpg,6
10623.jpg,6
10603.jpg,6
10541.jpg,6
10602.jpg,6
10509.jpg,6
10618.jpg,6
10611.jpg,6
10574.jpg,6
10606.jpg,6
10567.jpg,6
14445.jpg,6
10594.jpg,6
10510.jpg,6
10601.jpg,6
10532.jpg,6
13947.jpg,6
10597.jpg,6
10577.jpg,6
14444.jpg,6
10638.jpg,6
10527.jpg,6
10566.jpg,6
10514.jpg,6
10631.jpg,6
10544.jpg,6
10529.jpg,6
10634.jpg,6
10563.jpg,6
10604.jpg,6
10584.jpg,6
10637.jpg,6
10628.jpg,6
10558.jpg,6
10522.jpg,6
10573.jpg,6
10553.jpg,6
10582.jpg,6
10561.jpg,6
10556.jpg,6
10530.jpg,6
10571.jpg,6
10595.jpg,6
10531.jpg,6
10520.jpg,6
10585.jpg,6
10526.jpg,6
10578.jpg,6
10540.jpg,6
10635.jpg,6
13943.jpg,6
10624.jpg,6
14446.jpg,6
10617.jpg,6
10629.jpg,6
10551.jpg,6
10590.jpg,6
10607.jpg,6
10583.jpg,6
10620.jpg,6
10524.jpg,6
10596.jpg,6
10535.jpg,6
10572.jpg,6
10643.jpg,7
10657.jpg,7
10676.jpg,7
10644.jpg,7
14447.jpg,7
10674.jpg,7
10667.jpg,7
10663.jpg,7
10658.jpg,7
13948.jpg,7
10660.jpg,7
10684.jpg,7
10654.jpg,7
13952.jpg,7
10685.jpg,7
10678.jpg,7
13949.jpg,7
10693.jpg,7
10640.jpg,7
10646.jpg,7
10652.jpg,7
10649.jpg,7
10653.jpg,7
10673.jpg,7
10650.jpg,7
10691.jpg,7
10681.jpg,7
10682.jpg,7
10664.jpg,7
14448.jpg,7
10648.jpg,7
10679.jpg,7
10661.jpg,7
10647.jpg,7
10666.jpg,7
10690.jpg,7
10665.jpg,7
10642.jpg,7
10696.jpg,7
10680.jpg,7
10686.jpg,7
10701.jpg,8
14453.jpg,8
10806.jpg,8
10757.jpg,8
10821.jpg,8
10826.jpg,8
10783.jpg,8
10734.jpg,8
14455.jpg,8
10823.jpg,8
10800.jpg,8
10706.jpg,8
10787.jpg,8
10740.jpg,8
10700.jpg,8
10798.jpg,8
10728.jpg,8
10698.jpg,8
10723.jpg,8
10813.jpg,8
10733.jpg,8
10715.jpg,8
10795.jpg,8
10741.jpg,8
10736.jpg,8
10755.jpg,8
10730.jpg,8
10837.jpg,8
10807.jpg,8
10830.jpg,8
10779.jpg,8
10805.jpg,8
10797.jpg,8
10748.jpg,8
10785.jpg,8
10722.jpg,8
10758.jpg,8
10725.jpg,8
10774.jpg,8
10776.jpg,8
10739.jpg,8
10771.jpg,8
14456.jpg,8
10717.jpg,8
10845.jpg,8
10840.jpg,8
10705.jpg,8
10743.jpg,8
10803.jpg,8
13957.jpg,8
10746.jpg,8
10804.jpg,8
10784.jpg,8
10834.jpg,8
10829.jpg,8
10828.jpg,8
10761.jpg,8
10778.jpg,8
10704.jpg,8
10766.jpg,8
10794.jpg,8
10777.jpg,8
10772.jpg,8
10764.jpg,8
10801.jpg,8
10708.jpg,8
10836.jpg,8
10765.jpg,8
10782.jpg,8
10833.jpg,8
10712.jpg,8
10825.jpg,8
10824.jpg,8
10752.jpg,8
10749.jpg,8
10707.jpg,8
10819.jpg,8
10718.jpg,8
10744.jpg,8
10811.jpg,8
10822.jpg,8
10760.jpg,8
10703.jpg,8
10726.jpg,8
10815.jpg,8
14452.jpg,8
10745.jpg,8
10716.jpg,8
10839.jpg,8
10737.jpg,8
10831.jpg,8
10827.jpg,8
10846.jpg,8
10735.jpg,8
10759.jpg,8
10867.jpg,9
10958.jpg,9
10904.jpg,9
10948.jpg,9
10911.jpg,9
10896.jpg,9
10910.jpg,9
10952.jpg,9
10921.jpg,9
10866.jpg,9
10886.jpg,9
10874.jpg,9
10954.jpg,9
10947.jpg,9
10929.jpg,9
10853.jpg,9
10912.jpg,9
10917.jpg,9
10864.jpg,9
10894.jpg,9
10940.jpg,9
14458.jpg,9
13959.jpg,9
10872.jpg,9
10913.jpg,9
10869.jpg,9
10963.jpg,9
10860.jpg,9
10891.jpg,9
10859.jpg,9
10849.jpg,9
10932.jpg,9
10850.jpg,9
10851.jpg,9
14460.jpg,9
10926.jpg,9
10902.jpg,9
10881.jpg,9
10946.jpg,9
10856.jpg,9
10942.jpg,9
13958.jpg,9
10922.jpg,9
10914.jpg,9
10935.jpg,9
10897.jpg,9
10930.jpg,9
10938.jpg,9
10951.jpg,9
10900.jpg,9
10898.jpg,9
10934.jpg,9
10865.jpg,9
10945.jpg,9
10882.jpg,9
10944.jpg,9
10871.jpg,9
10941.jpg,9
10907.jpg,9
10899.jpg,9
10920.jpg,9
10916.jpg,9
10925.jpg,9
10861.jpg,9
13960.jpg,9
10949.jpg,9
10863.jpg,9
10928.jpg,9
10888.jpg,9
10862.jpg,9
10955.jpg,9
14459.jpg,9
10852.jpg,9
10883.jpg,9
10884.jpg,9
10889.jpg,9
